"","...1","ID","Description","setSize","enrichmentScore","NES","pvalue","p.adjust","qvalue","rank","leading_edge","core_enrichment","fibertype","regulated"
"1","GO:0008544","GO:0008544","epidermis development",50,-0.719842497625676,-2.53768558054232,4.39607534236375e-10,5.04777879326581e-07,4.66645576177901e-07,236,"tags=42%, list=8%, signal=39%","FLOT2/DSP/CTNNB1/PPP3CA/FABP5/FLG2/ROCK1/KRT10/KRT2/KRT5/KRT1/KRT71/KRT9/KRT16/CSTA/FLG/YBX1/KRT14/CALML5/CASP14/S100A7","mhc1","female"
"2","GO:0006091","GO:0006091","generation of precursor metabolites and energy",235,0.469596856293572,2.07550917938958,3.87165629717888e-10,5.04777879326581e-07,4.66645576177901e-07,1017,"tags=60%, list=35%, signal=42%","UQCC3/FDX2/COX7C/SDHC/NDUFC1/GBE1/ACTN3/COX7A2L/ACSS1/ALDOC/COX11/NDUFB1/ATP5ME/NDUFA4/ETFDH/COX6C/COX6A2/SDHB/ATP5PO/CYC1/PPP1R3D/NQO2/ACADM/UQCRQ/COX5B/COX5A/SDHA/ME2/COQ10A/G6PD/RBKS/ENO2/UQCR10/ME1/NDUFA2/GSK3B/AFG1L/SLC4A1/UQCRH/SOD2/UQCRC1/PHKB/PDHB/GPD1/ACO1/PHKG1/UQCRB/ACO2/COX6B1/ACAT1/PDHA1/ATP5PF/UQCRC2/DLD/CYCS/PNPT1/TPI1/MDH2/PYGL/NDUFB10/POR/NDUFA7/ATP5MG/PHKA1/PPP2CA/ATP5F1A/MRPS36/BPGM/DLAT/GYG1/PPIF/NDUFS6/ETFB/DLST/COX4I1/IDH3A/SUCLG1/ATP5F1B/ENO3/FH/GAPDH/NDUFB4/UQCRFS1/PYGB/SUCLA2/CIAPIN1/NDUFV2/IDH2/OXCT1/COQ9/NDUFA8/GYS1/SLC25A4/IDH3G/PFKM/SIRT3/PYGM/GLRX2/NDUFB9/CS/NDUFS3/NDUFA6/COA6/ATP5F1C/ATP5MF/UQCC2/NDUFS4/NDUFS1/NDUFV1/NDUFB8/PGK1/PPP1CB/UGP2/FECH/PGM1/LDHA/ACSS3/PGAM2/GPI/RHOA/COX17/CISD1/MDH1/ETFA/ATP5PD/ATP5F1D/ACADVL/ATP5PB/UQCR11/NDUFA5/ADSL/GSR/TRAP1/PGAM1/NDUFA12/SUCLG2/NIPSNAP2/CYB5A/TKT/IDH3B/NDUFA10/PFKFB1","mhc1","male"
"3","GO:0002376","GO:0002376","immune system process",406,-0.392304298450965,-1.87047452781279,5.76230455852261e-10,5.04777879326581e-07,4.66645576177901e-07,410,"tags=24%, list=14%, signal=24%","BST2/DYSF/CFH/C9/PRKCQ/NONO/NEK7/FBN1/FLOT1/F2/SPPL2A/SWAP70/SERPINB9/EIF6/NCK1/HECTD1/CD34/NCK2/MPO/PAK2/CBFB/DDX3X/CD99L2/ADIPOQ/ACTL6A/TMEM14C/IGHV4-61/EPB42/CTSH/EIF2B3/AMBP/CLU/JAGN1/TTLL12/DBNL/FLOT2/OTUD4/IGHV3-9/GOLPH3/A2M/VAMP2/SNCA/CTNNB1/APOA1/ECM1/PITHD1/IGKV3-20/IGKC/AP1G1/SQSTM1/HLA-C/IGHA1/IGHG3/PPP3CA/CRK/TF/IGLC2/TRIM55/IGHG2/TFRC/PRXL2A/LSM14A/HPX/ADGRE5/PXDN/SRPK2/SIX4/CTSG/MAPKAPK3/IGHV3-7/IGKV3-7/PAK1/IGKV2-30/CHID1/ROCK1/SIPA1/CFB/NEDD4/JCHAIN/KRT1/APOD/DEFA1B/CTSC/ARG1/KRT16/S100A9/MYL11/CFHR1/S100A8/IGHM/AZGP1/PECAM1/S100A7/SRP54/LYZ/COL3A1/LTF/SAA1/PIP","mhc1","female"
"4","GO:0043588","GO:0043588","skin development",45,-0.736582216591419,-2.52555490308023,7.69064016848677e-10,5.05275059069581e-07,4.67105197601776e-07,228,"tags=42%, list=8%, signal=39%","DSP/CTNNB1/PPP3CA/JUP/FLG2/ROCK1/KRT10/KRT2/KRT5/KRT1/KRT71/KRT9/KRT16/CSTA/FLG/KRT14/CASP14/S100A7/COL3A1","mhc1","female"
"5","GO:0006952","GO:0006952","defense response",286,-0.420222273749852,-1.93540361542482,8.08520545042458e-09,3.0354171319594e-06,2.80611341046315e-06,410,"tags=26%, list=14%, signal=24%","BST2/CFH/C9/PRKCQ/NONO/NEK7/FLOT1/F2/SERPINB9/NCK1/MPO/MMRN2/PAK2/DDX3X/RAB1A/SERPINA3/MYLK3/ADIPOQ/BNIP3/CLU/JAGN1/TTLL12/CASP7/OTUD4/A2M/FABP4/SNCA/APOA1/CMA1/ECM1/IGKV3-20/SIGLEC1/ATRN/AP1G1/HLA-C/IGHA1/IGHG3/CRK/TF/TRIM55/IGHG2/TFRC/KNG1/AGT/LSM14A/HPX/SERPINA1/ITIH4/ADGRE5/SRPK2/CTSG/MAPKAPK3/PAK1/CHID1/CFB/NEDD4/JCHAIN/KRT1/ATG7/APOD/DEFA1B/CTSC/ARG1/KRT16/S100A9/CFHR1/S100A8/IGHM/S100A7/DCD/LYZ/LTF/SAA1","mhc1","female"
"6","GO:0001895","GO:0001895","retina homeostasis",23,-0.828570471498814,-2.4828293985759,1.81683377957797e-08,5.30515463636769e-06,4.90438872896604e-06,171,"tags=52%, list=6%, signal=49%","IGKC/IGHA1/IGHG3/TF/POTEJ/JCHAIN/KRT1/AZGP1/LYZ/LTF/LCN1/PIP","mhc1","female"
"7","GO:0140053","GO:0140053","mitochondrial gene expression",75,0.601218848635643,2.22776097346551,5.5991043709438e-08,1.3376769351673e-05,1.23662515675964e-05,686,"tags=63%, list=24%, signal=49%","NGRN/MRPS28/MRPS10/MRPS17/MRPL43/MRPL4/MRPS9/HSD17B10/MRPL48/MRPS34/MRPL13/PTCD3/MRPL12/GATC/MRPL3/TRMT10C/MRPL38/MRPL53/SUPV3L1/MRPL44/RCC1L/QRSL1/TBRG4/LARS2/MRPS23/PNPT1/TACO1/FASTKD2/C1QBP/NDUFA7/IARS2/GADD45GIP1/TSFM/MRPS11/EARS2/MRPS31/TFAM/MRPS27/MRPL39/MRPS30/MRPL37/MRPS7/LRPPRC/DARS2/TUFM/MRPS35/GFM1","mhc1","male"
"8","GO:0032543","GO:0032543","mitochondrial translation",66,0.600340673691373,2.18737769625998,3.31127934249141e-07,6.21574436576245e-05,5.74619001689487e-05,840,"tags=73%, list=29%, signal=53%","NGRN/MRPS28/MRPS10/MRPS17/MRPL43/MRPL4/MRPS9/MRPL48/MRPS34/MRPL13/PTCD3/MRPL12/GATC/MRPL3/TRMT10C/MRPL38/MRPL53/MRPL44/RCC1L/QRSL1/LARS2/MRPS23/TACO1/FASTKD2/C1QBP/NDUFA7/IARS2/GADD45GIP1/TSFM/MRPS11/EARS2/MRPS31/MRPS27/MRPL39/MRPS30/MRPL37/MRPS7/LRPPRC/DARS2/TUFM/MRPS35/GFM1/MTIF2/MRPL46/UQCC2/COA3/MRPL47/GARS1","mhc1","male"
"9","GO:0007155","GO:0007155","cell adhesion",248,-0.397721377223422,-1.80239091811848,1.56036439991309e-06,0.0001518754682582,0.00014040237953214,569,"tags=35%, list=20%, signal=30%","PDLIM1/DMTN/GNAS/MYBPC1/FGB/ASS1/ATP2A2/CYRIB/TGFBI/LAMA4/DHPS/PXN/COL6A2/ACTG1/SCN1B/PTPN11/TNXB/VTN/STAT5B/STX4/FGA/SSPN/SLK/EGFLAM/PRKCQ/LAMA5/NID1/FBN1/FLOT1/SWAP70/LAMC1/NCK1/CD34/NCK2/METAP1/LAMB1/MMRN2/CBFB/LAMA2/RAB1A/CD99L2/ADIPOQ/ACTL6A/AMBP/PLG/FLOT2/DSP/VCAN/GOLPH3/S100A11/CTNNB1/APOA1/TLN2/GPC4/SIGLEC1/PPP3CA/CRK/TFRC/KNG1/COL6A6/JUP/TIMM10B/CYTH1/ADGRE5/PXDN/NPTN/CTSG/CTNNA1/FLG2/ROCK1/SIPA1/LRG1/MYBPC2/APOD/ENG/ARG1/CSTA/S100A9/S100A8/SRCIN1/DSC1/AZGP1/PECAM1/DSG1/COL3A1/SAA1","mhc1","female"
"10","GO:0016477","GO:0016477","cell migration",248,-0.379242532329698,-1.71864861981335,1.24940184154055e-05,0.00117265287127449,0.00108406746250962,369,"tags=26%, list=13%, signal=25%","PXN/ACTG1/MAP2K3/PTPN11/RRAS2/TNXB/VTN/APOH/STAT5B/STX4/SLK/BST2/PRKCQ/LAMA5/SWAP70/LAMC1/NCK1/CD34/NCK2/LAMB1/MMRN2/LAMA2/RAB1A/CD99L2/ADIPOQ/CTSH/JAGN1/PLG/SRGAP3/GOLPH3/EMC10/S100A11/CTNNB1/APOA1/ECM1/GPC4/GLUL/PPP3CA/CRK/TRIM55/PPP1R9B/AGT/JUP/SIX4/CTSG/CTNNA1/PAK1/AKT2/ROCK1/KRT2/LRG1/KRT5/SERPINB3/APOD/DEFA1B/ENG/KRT16/S100A9/S100A8/SRCIN1/PECAM1/S100A7/SRP54/COL3A1/SAA1","mhc1","female"
"11","GO:0045109","GO:0045109","intermediate filament organization",18,-0.78437279921509,-2.19800381761508,1.78505817906988e-05,0.00153560762098533,0.00141960361661225,74,"tags=50%, list=3%, signal=49%","DSP/KRT10/KRT2/KRT5/KRT1/KRT71/KRT9/KRT16/KRT14","mhc1","female"
"12","GO:0009145","GO:0009145","purine nucleoside triphosphate biosynthetic process",67,0.54215876012228,1.97840174851405,2.16264320828718e-05,0.0017222504095087,0.00159214689783949,985,"tags=61%, list=34%, signal=41%","UQCC3/SDHC/NDUFC1/COX11/NDUFB1/ATP5ME/SDHB/ATP5PO/SDHA/NDUFA2/ATP6V1A/ATP5MK/ATP5PF/NME1/NDUFB10/NDUFA7/ATP5MG/ATP5MJ/NUDT2/ATP5F1A/NDUFS6/ATP5F1B/NDUFB4/NDUFV2/NDUFA8/NME2/NDUFB9/NDUFS3/NDUFA6/ATP5F1C/ATP5MF/NDUFS4/NDUFS1/NDUFV1/NDUFB8/ATP5PD/ATP5F1D/ADK/ATP5PB/NDUFA5/NDUFA12","mhc1","male"
"13","GO:0010466","GO:0010466","negative regulation of peptidase activity",41,-0.635941656191166,-2.14288838033335,2.23112357192997e-05,0.00172452727853881,0.00159425176594872,531,"tags=46%, list=18%, signal=38%","GPX1/AHSG/CST3/VTN/SERPINB9/PAK2/DDX3X/SERPINA3/PICALM/SERPIND1/SNCA/ECM1/KNG1/SERPINA1/SERPINA7/SERPINB3/SERPINA6/CSTA/LTF","mhc1","female"
"14","GO:0040011","GO:0040011","locomotion",209,-0.386187842314323,-1.71765705852665,4.85348129610239e-05,0.00265728100961606,0.00245654272618516,334,"tags=25%, list=12%, signal=24%","ACTG1/MAP2K3/SCN1B/RRAS2/TNXB/VTN/APOH/STX4/SLK/BST2/PRKCQ/LAMA5/SWAP70/NCK1/LAMB1/MMRN2/LAMA2/CD99L2/ADIPOQ/CTSH/SERPIND1/PLG/SRGAP3/EMC10/S100A11/SNCA/APOA1/ECM1/GLUL/PPP3CA/CRK/TF/AGT/JUP/CTSG/CTNNA1/PAK1/AKT2/ROCK1/KRT5/SERPINB3/APOD/DEFA1B/ENG/KRT16/S100A9/S100A8/SRCIN1/PECAM1/S100A7/SRP54/COL3A1/SAA1","mhc1","female"
"15","GO:0141060","GO:0141060","disruption of anatomical structure in another organism",21,-0.731930334910609,-2.11654465289296,6.14456486872911e-05,0.00319459530836705,0.0029532668315754,102,"tags=33%, list=4%, signal=32%","CTSG/DEFA1B/ARG1/CFHR1/DCD/LYZ/LTF","mhc1","female"
"16","GO:0044419","GO:0044419","biological process involved in interspecies interaction between organisms",306,-0.344169392125143,-1.59465865196269,6.19955710527852e-05,0.00319459530836705,0.0029532668315754,444,"tags=23%, list=15%, signal=22%","FAU/STAT5B/STX4/FGA/SCARB2/BST2/CFH/C9/NONO/NEK7/FLOT1/F2/SERPINB9/MAOB/NCK1/DYNLT1/MPO/MMRN2/PAK2/DDX3X/RAB1A/ADIPOQ/BNIP3/TRDN/JPT2/CLU/JAGN1/TTLL12/PLG/CASP7/OTUD4/A2M/FABP4/SNCA/IGKV3-20/SIGLEC1/AP1G1/HLA-C/IGHA1/IGHG3/CRK/TF/IGHG2/TFRC/LSM14A/HPX/SRPK2/CTSG/MAPKAPK3/PAK1/CHID1/CFB/NEDD4/LRG1/JCHAIN/SERPINB3/KRT1/ATG7/DEFA1B/RAB9A/ARG1/KRT16/S100A9/CFHR1/S100A8/IGHM/S100A7/DCD/LYZ/LTF","mhc1","female"
"17","GO:0141061","GO:0141061","disruption of cell in another organism",18,-0.759489096535339,-2.12827361592881,7.46173438654768e-05,0.00353221934561109,0.0032653858245896,102,"tags=39%, list=4%, signal=38%","CTSG/DEFA1B/ARG1/CFHR1/DCD/LYZ/LTF","mhc1","female"
"18","GO:1902600","GO:1902600","proton transmembrane transport",51,0.546274584109518,1.90189193224972,0.00021116728326699,0.00676765390763005,0.00625640680077311,532,"tags=47%, list=19%, signal=39%","COX7A2L/ATP6V1E1/ATP5ME/NDUFA4/ATP5PO/CYC1/COX5B/COX5A/ATP6V0D1/UQCR10/UQCRH/ATP6V1A/ATP1A2/ATP1B1/UQCRC1/COX6B1/ATP5PF/ATP1A1/ATP5MG/ATP5F1A/LETM1/PPIF/COX4I1/ATP5F1B","mhc1","male"
"19","GO:0051346","GO:0051346","negative regulation of hydrolase activity",65,-0.50314502558525,-1.86503404102959,0.00041239824156937,0.0111991051718987,0.0103530941026765,552,"tags=40%, list=19%, signal=33%","RASA4/APOC1/GPX1/NOS1/AHSG/APOA2/CST3/VTN/DFFA/SERPINB9/PAK2/DDX3X/SERPINA3/PICALM/SERPIND1/SNCA/ECM1/KNG1/SERPINA1/SERPINA7/ROCK1/SERPINB3/SERPINA6/APOC3/CSTA/LTF","mhc1","female"
"20","GO:0018149","GO:0018149","peptide cross-linking",12,-0.800803505898556,-2.0025578249518,0.00064941726201423,0.0164203894649066,0.0151799482836676,271,"tags=67%, list=9%, signal=61%","EPB42/DSP/KRT10/KRT2/KRT1/CSTA/FLG/COL3A1","mhc1","female"
"21","GO:0003009","GO:0003009","skeletal muscle contraction",25,-0.653958217795855,-1.99419419740696,0.00066231403473367,0.0164203894649066,0.0151799482836676,208,"tags=24%, list=7%, signal=22%","ATP2A1/MYH3/RCSD1/TNNT3/TNNC2/TNNI2","mhc1","female"
"22","GO:0046034","GO:0046034","ATP metabolic process",81,0.470755768720437,1.76914979728342,0.00072373402691014,0.017528799859812,0.0162046263223769,813,"tags=47%, list=28%, signal=35%","UQCC3/SDHC/NDUFC1/COX11/NDUFB1/ATP5ME/SDHB/ATP5PO/NMNAT1/SDHA/NDUFA2/ATP6V1A/ATP1A2/ATP1B1/ATP5MK/ATP5PF/AK2/NDUFB10/NDUFA7/ATP5MG/ATP5MJ/NUDT2/ATP5F1A/NDUFS6/ATP5F1B/DNM1L/NDUFB4/NDUFV2/NDUFA8/NDUFB9/NDUFS3/NDUFA6/ATP5F1C/ATP5MF/NDUFS4/NDUFS1/NDUFV1/NDUFB8","mhc1","male"
"23","GO:0003008","GO:0003008","system process",308,-0.308949337216748,-1.43142050302296,0.00093492660413516,0.0219373849613145,0.0202801748340599,532,"tags=25%, list=19%, signal=23%","ATP2A2/GPX1/TMEM38A/NOS1/TGFBI/GCLC/APOA2/MAP2K3/RRM2B/SCN1B/PTPN11/STAC3/SGCD/SLC27A1/C12orf57/MYOM2/FGA/SCARB2/SSPN/RYR1/SLC2A4/SETD3/MAGT1/MYLK2/TMOD1/MYH4/RBFOX1/CACNA1S/CD34/PAK2/GATM/SERPINA3/MYLK3/PICALM/ADIPOQ/SLC16A1/UBR3/TRDN/ANK2/TTN/MYL1/DSP/MYL4/ATP2A1/SNCA/APOA1/CMA1/PLN/IGKV3-20/IGHA1/PPP3CA/ATP2B2/PPP1R9B/TFRC/KNG1/AGT/KCNJ11/JUP/CPA3/FABP5/SOD3/CTSG/MYH3/MYH1/ROCK1/JCHAIN/RCSD1/CTSC/ACTC1/MYL11/TNNT3/MYH2/AZGP1/TNNC2/LCN1/TNNI2/PIP","mhc1","female"
"24","GO:0051289","GO:0051289","protein homotetramerization",18,0.680000992981364,1.88227963397292,0.00159695440317396,0.0325333036553578,0.0300756488170175,469,"tags=56%, list=16%, signal=47%","ALDH1A2/CRYZ/HSD17B10/CBR4/GLS/SSBP1/ME1/SOD2/ACOT13/VASP","mhc1","male"
"25","GO:0030198","GO:0030198","extracellular matrix organization",48,-0.504321927469735,-1.76970122135402,0.00275364579681426,0.0492284432246795,0.0455095918299128,520,"tags=40%, list=18%, signal=33%","TGFBI/COLGALT1/CST3/TNXB/VTN/VWA1/EGFLAM/NID1/FLOT1/LAMC1/LAMB1/LAMA2/PLG/CMA1/AGT/PXDN/CTSG/ENG/COL3A1","mhc1","female"
"26","GO:0043062","GO:0043062","extracellular structure organization",48,-0.504321927469735,-1.76970122135402,0.00275364579681426,0.0492284432246795,0.0455095918299128,520,"tags=40%, list=18%, signal=33%","TGFBI/COLGALT1/CST3/TNXB/VTN/VWA1/EGFLAM/NID1/FLOT1/LAMC1/LAMB1/LAMA2/PLG/CMA1/AGT/PXDN/CTSG/ENG/COL3A1","mhc1","female"
"27","GO:0045229","GO:0045229","external encapsulating structure organization",48,-0.504321927469735,-1.76970122135402,0.00275364579681426,0.0492284432246795,0.0455095918299128,520,"tags=40%, list=18%, signal=33%","TGFBI/COLGALT1/CST3/TNXB/VTN/VWA1/EGFLAM/NID1/FLOT1/LAMC1/LAMB1/LAMA2/PLG/CMA1/AGT/PXDN/CTSG/ENG/COL3A1","mhc1","female"
"28","GO:0015980","GO:0015980","energy derivation by oxidation of organic compounds",162,0.519528112920316,2.17756879710837,1.11394900944152e-10,2.92077430275565e-07,2.57732623447627e-07,811,"tags=56%, list=28%, signal=42%","CAVIN3/AFG1L/NDUFC1/SDHC/UQCR10/COX7C/NDUFA4/COX6A2/NDUFB1/NDUFA7/ATP5MG/UQCRQ/GPD1/PHKB/PNPT1/ATP5PO/ACO2/UQCRC2/CYC1/DLD/ACTN3/MDH2/NDUFA5/PHKG1/ATP5F1B/NDUFA6/NDUFS4/ETFDH/FH/NDUFV1/ATP5ME/COX7A1/MRPS36/PDHA1/PDHB/GBE1/SDHB/COX5B/SDHA/SOD2/SUCLG1/DLST/COX5A/DLAT/ATP5PF/ACO1/ATP5F1D/CHCHD10/ETFB/SUCLA2/UQCRFS1/NDUFB7/SHMT2/NDUFA12/NDUFB10/MTOR/ETFA/PHKA1/NDUFA8/IDH2/NDUFS6/PPP1R3D/COA6/UQCRH/NDUFV3/COX6B1/NDUFS7/COX7A2L/SUCLG2/NDUFB11/NDUFB8/UQCRB/ACADM/NDUFA10/UQCC3/TIGAR/ATP5F1A/NDUFA2/NDUFS1/NDUFV2/UQCRC1/NDUFA11/NDUFS3/COQ10A/PARK7/TRAP1/ADSL/VCP/CS/RHOA","mhc2","male"
"29","GO:0006412","GO:0006412","translation",310,0.424878024154156,1.9162366109036,1.05832745937389e-09,8.83869467606223e-07,7.79937006623501e-07,970,"tags=47%, list=34%, signal=35%","YBX1/GIGYF2/MRPL38/TNKS1BP1/MRPL4/MTFMT/PELO/RPS17/CAPRIN1/RPL3/MRPL43/GAPDH/RBM3/NDUFA7/CELF1/RPS29/ROCK1/RPL38/RPS7/MRPL19/MRPS31/RPS28/KHDRBS1/RPS13/GADD45GIP1/RPS15A/MRPL53/PNPT1/MRPL3/EEF1A2/RPS26/SARNP/LRRC47/EIF2S2/MRPS25/MRPS14/RPS14/RPL22/EEF1A1/MTPN/TRMT10C/PABPC4/RPS19/MRPS7/EEF1G/RPS11/TACO1/MRPL12/YARS1/LSM14A/RPS10/RPL18A/RPS20/TSFM/PDF/ACO1/RPL24/RPS27/MRPS17/SARS1/YBX3/AIMP2/TUFM/MRPS30/AARSD1/SYNCRIP/RPL12/SHMT2/PTCD3/MTOR/EIF3G/RPS25/MRPL37/EIF4A1/FECH/MRPL40/HNRNPR/EEF1D/MRPL30/EIF3F/MRPS23/SSB/MRPL46/MRPL48/CIRBP/EIF3A/MRPS28/RPL23/RPLP2/LTN1/LSM14B/EIF3L/RPS3A/SERBP1/EIF3J/PKM/MRPS5/ETF1/RWDD1/NARS1/CARS1/CALR/EIF5A/MTIF2/LARP4/GATC/MTRF1L/RPL10/MCTS1/EEF1B2/EEF2/PDE12/LARS2/RBM8A/MRPL13/TRAP1/EIF3M/YARS2/WARS1/EIF4G1/EIF4G2/TPR/RCC1L/EIF2B5/RPL3L/RPL8/NCL/EIF4A2/RPS9/NARS2/EEF2K/LRPPRC/C1QBP/MRPL50/ABCE1/IARS1/MAGOH/CSNK2A1/RPL27A/MSI2/MRPL47/RPSA/RPS23/FARSA/DHPS","mhc2","male"
"30","GO:0043043","GO:0043043","peptide biosynthetic process",317,0.423435530979994,1.91334477048166,1.60027757647938e-09,8.83869467606223e-07,7.79937006623501e-07,970,"tags=46%, list=34%, signal=34%","YBX1/GGT5/GIGYF2/MRPL38/TNKS1BP1/MRPL4/MTFMT/PELO/RPS17/CAPRIN1/RPL3/MRPL43/GAPDH/RBM3/NDUFA7/CELF1/RPS29/ROCK1/RPL38/RPS7/MRPL19/MRPS31/RPS28/KHDRBS1/RPS13/GADD45GIP1/RPS15A/MRPL53/PNPT1/MRPL3/EEF1A2/RPS26/SARNP/LRRC47/EIF2S2/MRPS25/MRPS14/RPS14/RPL22/EEF1A1/MTPN/TRMT10C/PABPC4/RPS19/MRPS7/EEF1G/RPS11/TACO1/MRPL12/YARS1/LSM14A/RPS10/RPL18A/RPS20/TSFM/PDF/ACO1/RPL24/RPS27/MRPS17/SARS1/YBX3/AIMP2/TUFM/MRPS30/AARSD1/SYNCRIP/RPL12/SHMT2/CARNS1/PTCD3/MTOR/EIF3G/RPS25/MRPL37/EIF4A1/FECH/MRPL40/HNRNPR/EEF1D/MRPL30/EIF3F/MRPS23/SSB/MRPL46/MRPL48/CIRBP/EIF3A/MRPS28/RPL23/RPLP2/LTN1/LSM14B/EIF3L/RPS3A/SERBP1/EIF3J/PKM/MRPS5/ETF1/RWDD1/NARS1/CARS1/CALR/EIF5A/MTIF2/LARP4/GATC/MTRF1L/RPL10/MCTS1/EEF1B2/EEF2/PDE12/LARS2/RBM8A/MRPL13/TRAP1/EIF3M/YARS2/WARS1/EIF4G1/EIF4G2/TPR/RCC1L/EIF2B5/RPL3L/RPL8/NCL/EIF4A2/RPS9/NARS2/EEF2K/LRPPRC/C1QBP/MRPL50/ABCE1/IARS1/MAGOH/CSNK2A1/RPL27A/MSI2/MRPL47/RPSA/RPS23/FARSA/DHPS","mhc2","male"
"31","GO:0045109","GO:0045109","intermediate filament organization",17,-0.858423570064108,-2.47896660104071,1.07213223221235e-08,3.51391339107596e-06,3.10071927158255e-06,117,"tags=65%, list=4%, signal=62%","KRT2/DSP/KRT1/KRT10/KRT14/KRT9/KRT5/KRT16/KRT6B/KRT17/KRT6A","mhc2","female"
"32","GO:0043588","GO:0043588","skin development",44,-0.682263949297052,-2.45361310803258,1.45224565247701e-08,4.23087566754968e-06,3.73337537326837e-06,154,"tags=43%, list=5%, signal=41%","IL18/JUP/TSG101/CTNNB1/KRT2/COL1A1/DSP/CSTA/KRT1/KRT10/KRT14/KRT9/KRT5/KRT16/CASP14/KRT6B/KRT17/KRT6A/S100A7","mhc2","female"
"33","GO:0007155","GO:0007155","cell adhesion",248,-0.371852306398901,-1.82564062382663,1.77576085147037e-07,3.25799122123597e-05,2.87489048306904e-05,570,"tags=35%, list=20%, signal=31%","CD63/BCAM/SPARCL1/POSTN/TGFBI/RRAS/COL6A3/CD44/APOA4/FGB/UTRN/DST/CD81/PALLD/CD93/TPM1/ITGA8/PPIA/HSPH1/DUSP22/SCN1B/SMARCC2/FERMT2/STAT5B/FGA/ADA/PECAM1/GPC4/THBS4/ANXA1/LAMB2/S100A10/HRG/PLG/FAF1/NID1/LAMC1/MYBPC1/PML/SPTA1/DPT/CD36/CD34/VTN/CRK/PXN/ADIPOQ/PNN/EGFLAM/KNG1/PPP2CA/FLOT1/LAMA2/PDLIM1/COL6A6/TLN2/LAMA4/MCAM/CSK/IL18/S100A11/JUP/APOA1/LAMB1/CTNNB1/APOD/AMBP/COL1A1/TJP1/DSC1/DSP/MIA3/CSTA/ATP2A2/ARG1/TNXB/CTSG/S100A9/TFRC/LRG1/DSG1/S100A8/ASS1/SLK/AZGP1/CYTH1/ACHE/SAA1","mhc2","female"
"34","GO:0006952","GO:0006952","defense response",286,-0.357172261268106,-1.77721459366486,1.81384088946025e-07,3.25799122123597e-05,2.87489048306904e-05,409,"tags=24%, list=14%, signal=23%","STAT5B/SERPING1/FGA/LAMP1/OPTN/ADA/CDC37/C3/MKRN2/AHSG/ANXA1/HRG/CHID1/APOE/IGHG3/RFTN1/JCHAIN/APCS/PML/IGHG2/SERPINA3/CD36/CRK/ADIPOQ/IGKV3-20/MPO/PLGRKT/KNG1/PPP2CA/CFH/ILF3/CMA1/FLOT1/TMED1/ITIH4/NT5C2/CFB/FABP4/IL18/RPL13A/HPX/AGT/APOA1/TF/APOD/SNCA/A2M/SERPINA1/CTSC/KRT1/ARG1/HLA-C/CFHR1/CTSG/KRT16/S100A9/TFRC/UFL1/S100A8/AP1G1/LYZ/ASS1/KRT6A/DEFA1B/S100A7/LTF/IGHM/DCD/SAA1","mhc2","female"
"35","GO:0009605","GO:0009605","response to external stimulus",430,-0.315005969202619,-1.65808576395408,5.06227136608496e-07,6.63663776093739e-05,5.85624866455513e-05,409,"tags=22%, list=14%, signal=22%","STAT5B/SERPING1/FGA/LAMP1/SESN1/PSMA2/OPTN/ADA/CDC37/C3/MKRN2/SERPINC1/AHSG/APOH/THBS4/ANXA1/CAT/HRG/DCTPP1/PLG/IMPACT/CHID1/APOE/IGHG3/RFTN1/JCHAIN/MEAK7/APCS/PML/IGHG2/CD36/NMT1/PLIN2/VTN/CRK/ADIPOQ/IGKV3-20/SLC2A1/GBF1/MPO/MCU/GCN1/PLGRKT/KNG1/PPP2CA/CFH/ILF3/CMA1/FLOT1/TMED1/NT5C2/TTN/CFB/FABP4/IL18/MAOB/RPL13A/HPX/AGT/JUP/APOA1/CTNNB1/TF/GABARAP/COL1A1/SNCA/LAMP2/A2M/SRP54/SERPIND1/CTSC/KRT1/ARG1/HLA-C/KRT5/PDK4/CFHR1/CTSG/KRT16/S100A9/TFRC/LRG1/UFL1/S100A8/AP1G1/LYZ/ASS1/KRT6A/DEFA1B/S100A7/LTF/IGHM/DCD/SAA1","mhc2","female"
"36","GO:0006959","GO:0006959","humoral immune response",48,-0.618783860354346,-2.28214161661793,5.57367822967455e-07,6.95913538962222e-05,6.14082443550108e-05,405,"tags=48%, list=14%, signal=42%","SERPING1/FGA/C3/HRG/IGHG3/JCHAIN/IGHG2/IGKV3-20/CFH/CFB/HPX/TF/A2M/KRT1/CFHR1/CTSG/S100A9/LYZ/KRT6A/DEFA1B/S100A7/LTF/IGHM","mhc2","female"
"37","GO:0001895","GO:0001895","retina homeostasis",23,-0.731650486822914,-2.32113000699101,5.02293741351181e-06,0.00042806790607473,0.0003777322484051,308,"tags=61%, list=11%, signal=55%","IGHG3/JCHAIN/IGKC/POTEI/SLC2A1/POTEJ/POTEF/TF/KRT1/LCN1/LYZ/AZGP1/LTF/PIP","mhc2","female"
"38","GO:0141060","GO:0141060","disruption of anatomical structure in another organism",21,-0.745308165737303,-2.27931410692772,6.3421565222888e-06,0.00050391316368003,0.0004446590123123,75,"tags=38%, list=3%, signal=37%","ARG1/CFHR1/CTSG/LYZ/KRT6A/DEFA1B/LTF/DCD","mhc2","female"
"39","GO:0016477","GO:0016477","cell migration",245,-0.343274910589139,-1.68193715261569,8.06930759736298e-06,0.0005990638164171,0.0005286210881548,434,"tags=26%, list=15%, signal=24%","PDCD10/PLEC/ANXA3/PDCD6/FERMT2/STAT5B/ADA/PECAM1/RBBP7/GPC4/APOH/THBS4/ANXA1/SRGAP3/HRG/PLCB1/PLG/LAMC1/APOE/MEAK7/PML/FSCN1/DCN/SIX4/CD34/VTN/HEXB/CRK/PXN/ADIPOQ/GBF1/DPYSL3/MCU/LAMA2/PDLIM1/LAMA4/MCAM/RPL13A/AGT/S100A11/JUP/APOA1/LAMB1/CTNNB1/APOD/KRT2/COL1A1/TJP1/SRP54/MIA3/TNXB/KRT5/CTSG/KRT16/S100A9/LRG1/S100A8/SERPINB3/CTSH/SLK/DEFA1B/S100A7/SAA1","mhc2","female"
"40","GO:0141061","GO:0141061","disruption of cell in another organism",18,-0.766928945341535,-2.26332578008985,1.38201991410631e-05,0.00087846177961239,0.00077516519795577,75,"tags=44%, list=3%, signal=44%","ARG1/CFHR1/CTSG/LYZ/KRT6A/DEFA1B/LTF/DCD","mhc2","female"
"41","GO:0042776","GO:0042776","proton motive force-driven mitochondrial ATP synthesis",51,0.57883638875915,1.99691650622668,1.24439283922958e-05,0.00087846177961239,0.00077516519795577,748,"tags=63%, list=26%, signal=47%","NDUFC1/SDHC/NDUFB1/NDUFA7/ATP5MG/ATP5PO/NDUFA5/ATP5F1B/NDUFA6/NDUFS4/NDUFV1/ATP5ME/SDHB/SDHA/ATP5PF/ATP5F1D/NDUFB7/NDUFA12/NDUFB10/NDUFA8/NDUFS6/NDUFV3/NDUFS7/NDUFB11/NDUFB8/NDUFA10/ATP5F1A/NDUFA2/NDUFS1/NDUFV2/NDUFA11/NDUFS3","mhc2","male"
"42","GO:0140053","GO:0140053","mitochondrial gene expression",74,0.5222472897083,1.92852162578598,1.37449800035386e-05,0.00087846177961239,0.00077516519795577,780,"tags=54%, list=27%, signal=40%","MRPL38/MRPL4/MRPL43/NDUFA7/HSD17B10/MRPL19/MRPS31/GADD45GIP1/MRPL53/PNPT1/MRPL3/SUPV3L1/MRPS25/MRPS14/TRMT10C/MRPS7/TACO1/MRPL12/TSFM/MRPS17/CHCHD10/TUFM/MRPS30/SHMT2/PTCD3/MRPL37/MRPL40/TFAM/MRPL30/MRPS23/MRPL46/MRPL48/MRPS28/MRPS5/MTIF2/GATC/MTRF1L/LARS2/MRPL13/YARS2","mhc2","male"
"43","GO:0040011","GO:0040011","locomotion",207,-0.3565329820205,-1.71656784406765,1.40714701539743e-05,0.00087846177961239,0.00077516519795577,437,"tags=27%, list=15%, signal=24%","PPP3CB/PDCD10/PLEC/ANXA3/PDCD6/FERMT2/ADA/PECAM1/RBBP7/APOH/THBS4/ANXA1/SRGAP3/HRG/PLCB1/PLG/APOE/MEAK7/DCN/VTN/CRK/ADIPOQ/GBF1/DPYSL3/MCU/PLGRKT/LAMA2/LAMA4/MCAM/RPL13A/AGT/S100A11/JUP/APOA1/LAMB1/TF/APOD/COL1A1/SNCA/TJP1/SRP54/SERPIND1/MIA3/TNXB/KRT5/CTSG/KRT16/S100A9/S100A8/SERPINB3/CTSH/SLK/DEFA1B/S100A7/SAA1","mhc2","female"
"44","GO:0030198","GO:0030198","extracellular matrix organization",47,-0.546262837033115,-2.01197456378124,6.25266006521344e-05,0.00282663356741201,0.00249425532184014,357,"tags=43%, list=12%, signal=38%","COL4A1/COL4A2/LAMB2/PLG/NID1/LAMC1/DPT/FSCN1/VTN/EGFLAM/CMA1/FLOT1/LAMA2/P4HA1/AGT/LUM/LAMB1/COL1A1/TNXB/CTSG","mhc2","female"
"45","GO:0006638","GO:0006638","neutral lipid metabolic process",24,-0.665599533748488,-2.11887266850725,0.00012871709792788,0.00482137472524151,0.00425443881572156,526,"tags=54%, list=18%, signal=45%","APOA4/APOB/PLIN5/C3/APOH/APOA2/CAT/APOE/APOC1/APOC3/SNCA/TNXB/LIPE","mhc2","female"
"46","GO:0050819","GO:0050819","negative regulation of coagulation",17,-0.694854434660038,-2.00660955287915,0.00021350329222721,0.00691118064468847,0.0060985085940926,521,"tags=65%, list=18%, signal=53%","F12/FGB/SERPING1/FGA/APOH/HRG/PLG/APOE/VTN/KNG1/KRT1","mhc2","female"
"47","GO:0050779","GO:0050779","RNA destabilization",23,0.654226167668403,1.91156506022659,0.00022205874936292,0.00693140524797136,0.00611635502631219,165,"tags=30%, list=6%, signal=29%","YBX1/GIGYF2/TNKS1BP1/CAPRIN1/CELF1/ROCK1/PNPT1","mhc2","male"
"48","GO:0061014","GO:0061014","positive regulation of mRNA catabolic process",23,0.654226167668403,1.91156506022659,0.00022205874936292,0.00693140524797136,0.00611635502631219,165,"tags=30%, list=6%, signal=29%","YBX1/GIGYF2/TNKS1BP1/CAPRIN1/CELF1/ROCK1/PNPT1","mhc2","male"
"49","GO:0061157","GO:0061157","mRNA destabilization",23,0.654226167668403,1.91156506022659,0.00022205874936292,0.00693140524797136,0.00611635502631219,165,"tags=30%, list=6%, signal=29%","YBX1/GIGYF2/TNKS1BP1/CAPRIN1/CELF1/ROCK1/PNPT1","mhc2","male"
"50","GO:0046034","GO:0046034","ATP metabolic process",81,0.475281556096369,1.79723698067812,0.00023654830429922,0.00718056028280023,0.00633621241382428,800,"tags=53%, list=28%, signal=39%","NDUFC1/SDHC/NDUFB1/NDUFA7/ATP5MG/COX11/OLA1/ATP5PO/ATP1B1/NDUFA5/ATP5F1B/NDUFA6/NDUFS4/DNM1L/NDUFV1/ATP5ME/SDHB/SDHA/NUDT2/AK2/ATP5PF/ATP1A2/ATP5F1D/NDUFB7/NDUFA12/NDUFB10/NDUFA8/NDUFS6/NDUFV3/NDUFS7/NDUFB11/NDUFB8/NDUFA10/UQCC3/ATP5F1A/NDUFA2/NDUFS1/NDUFV2/ATP5IF1/NDUFA11/NDUFS3/AK1/VCP","mhc2","male"
"51","GO:1902600","GO:1902600","proton transmembrane transport",51,0.525179576490344,1.81180690328555,0.00032933810687354,0.00928520985185399,0.00819338040642943,582,"tags=47%, list=20%, signal=38%","UQCR10/NDUFA4/ATP5MG/ATP6V1E1/ATP5PO/CYC1/ATP1B1/ATP5F1B/ATP6V1D/ATP1A1/SLC25A5/ATP5ME/COX7A1/COX5B/COX5A/ATP6V1F/ATP5PF/ATP1A2/ATP5F1D/UQCRFS1/UQCRH/COX6B1/NDUFS7/COX7A2L","mhc2","male"
"52","GO:0015909","GO:0015909","long-chain fatty acid transport",18,-0.685669193502495,-2.02351570076223,0.00068168035130044,0.01595862393848,0.0140820809413381,399,"tags=50%, list=14%, signal=43%","ACSL3/ANXA1/FABP5/APOE/CD36/PLIN2/SLC2A1/FABP3/FABP4","mhc2","female"
"53","GO:0010718","GO:0010718","positive regulation of epithelial to mesenchymal transition",12,-0.739206233488846,-1.9265791183964,0.0006941431118855,0.0159652915733667,0.0140879645422377,143,"tags=58%, list=5%, signal=56%","FERMT2/AGT/CTNNB1/COL1A1/TNXB/LRG1/SERPINB3","mhc2","female"
"54","GO:1900047","GO:1900047","negative regulation of hemostasis",16,-0.699604763724563,-1.9857539801057,0.00133331170201476,0.0251506710984367,0.022193253472385,521,"tags=69%, list=18%, signal=57%","F12/FGB/SERPING1/FGA/APOH/HRG/PLG/APOE/VTN/KNG1/KRT1","mhc2","female"
"55","GO:0042632","GO:0042632","cholesterol homeostasis",15,-0.699989002137082,-1.97036770377728,0.0013285353292628,0.0251506710984367,0.022193253472385,526,"tags=67%, list=18%, signal=55%","APOA4/APOB/APOA2/APOE/FABP3/APOC3/FABP4/IL18/APOA1/CNBP","mhc2","female"
"56","GO:0055092","GO:0055092","sterol homeostasis",15,-0.699989002137082,-1.97036770377728,0.0013285353292628,0.0251506710984367,0.022193253472385,526,"tags=67%, list=18%, signal=55%","APOA4/APOB/APOA2/APOE/FABP3/APOC3/FABP4/IL18/APOA1/CNBP","mhc2","female"
"57","GO:0042157","GO:0042157","lipoprotein metabolic process",24,-0.603384446740116,-1.92081686956696,0.00162488806786351,0.0287868683374197,0.025401877476273,596,"tags=54%, list=21%, signal=43%","ITGAV/APOA4/ATG7/HHATL/APOB/APOA2/APOE/NMT1/APOC1/APOC3/APOA1/PIGK/APOD","mhc2","female"
"58","GO:0051346","GO:0051346","negative regulation of hydrolase activity",64,-0.426360147703816,-1.69302984130442,0.0018363305855712,0.0312902161276824,0.0276108615555204,405,"tags=41%, list=14%, signal=36%","AQP1/IKBKB/CD44/ECM1/TMED2/SERPING1/PLIN5/TRIAP1/AHSG/RASA4/APOA2/ANXA1/HRG/APCS/SERPINA3/VTN/APOC1/KNG1/APOC3/SNCA/SERPINA1/SERPIND1/SERPINA7/CSTA/SERPINB3/LTF","mhc2","female"
"59","GO:0032787","GO:0032787","monocarboxylic acid metabolic process",197,0.349388587052169,1.49518842123009,0.00183779301436426,0.0312902161276824,0.0276108615555204,628,"tags=32%, list=22%, signal=27%","ALDH1A1/GGT5/CES2/GSTM4/HTD2/HSD17B8/HLCS/ENO2/GAPDH/ME2/HSD17B10/LDHA/GPD1/CBR4/ENO3/THEM4/EPHX1/HADH/PTGES2/PGM1/RBP1/PGK1/ACAT1/TPI1/DLD/ACTN3/PDHX/PGK2/MCEE/DECR1/GSTM1/AUH/ETFDH/PDHA1/PDHB/GPI/DLAT/ACSM5/ETFB/SCP2/GAMT/BCO2/NUDT19/ACAA2/MTOR/ETFA/MMUT/GRHPR/PTGR3/ILVBL/IDH2/ACOT2/ACAA1/MPC2/ME1/CYGB/PGAM2/PTGR1/PKM/RGN/PFKL/ACADM/SLC16A3","mhc2","male"
"60","GO:1901361","GO:1901361","organic cyclic compound catabolic process",125,0.388764681735618,1.5818374462658,0.00202057202085506,0.0331578589696514,0.0292588919728989,630,"tags=33%, list=22%, signal=27%","YBX1/GIGYF2/GOT2/TNKS1BP1/PELO/CAPRIN1/NT5C/CELF1/ITPA/ROCK1/MAPKAPK2/GSTZ1/PNPT1/ACAT1/NT5C1A/THRAP3/SUPV3L1/SLIRP/PABPC4/ENDOG/HNRNPA0/SUCLG1/SNX17/YBX3/SUCLA2/ENPP4/SYNCRIP/NUDT19/PHAX/HNRNPR/ACAA1/NUDT16/SSB/CIRBP/NUDT9/SERBP1/SUCLG2/RGN/HMOX1/AIFM1/ETF1","mhc2","male"
"61","GO:0033275","GO:0033275","actin-myosin filament sliding",14,-0.670055697697347,-1.84345778680651,0.00256606036055313,0.0400488706272042,0.0353396032111264,246,"tags=50%, list=9%, signal=46%","MYH2/TPM1/MYH4/MYH3/MYH7/ACTC1/TNNC1","mhc2","female"
"62","GO:0010608","GO:0010608","post-transcriptional regulation of gene expression",166,0.361249022649792,1.5144152894728,0.00266675406218237,0.0411307597120127,0.0362942751001662,886,"tags=39%, list=31%, signal=29%","YBX1/GIGYF2/TNKS1BP1/PELO/CAPRIN1/GAPDH/RBM3/CELF1/ROCK1/RPL38/MATR3/MAPKAPK2/KHDRBS1/PNPT1/TSNAX/SARNP/THRAP3/RPS14/MTPN/TRMT10C/PABPC4/HNRNPA0/TACO1/RAN/LSM14A/TSFM/ACO1/SARS1/YBX3/SYNCRIP/SHMT2/TSN/PTCD3/MTOR/PHAX/FECH/HNRNPR/SSB/CIRBP/LSM14B/SERBP1/PKM/ETF1/CALR/EIF5A/MTIF2/LARP4/RPL10/EEF2/PDE12/RBM8A/MRPL13/TRAP1/EIF4G1/EIF4G2/TPR/RCC1L/EIF2B5/TAF15/NCL/EIF4A2/RPS9/EEF2K/LRPPRC/C1QBP","mhc2","male"
"63","GO:0019217","GO:0019217","regulation of fatty acid metabolic process",22,-0.598635756380515,-1.8696544267763,0.0026872354331348,0.0412042766414003,0.0363591473193616,439,"tags=55%, list=15%, signal=47%","APOA4/PDK1/PLIN5/ANXA1/FABP5/ADIPOQ/APOC1/FABP3/APOC3/ERLIN2/SNCA/PDK4","mhc2","female"
"64","GO:0071827","GO:0071827","plasma lipoprotein particle organization",12,-0.692332569247213,-1.80441318061144,0.0030396925322514,0.0447756956155234,0.0395106102063192,526,"tags=83%, list=18%, signal=68%","APOA4/APOB/ACSL3/APOA2/APOE/APOC1/MPO/APOC3/AGT/APOA1","mhc2","female"
"65","GO:0031329","GO:0031329","regulation of cellular catabolic process",156,0.354377491526214,1.47526531795886,0.00313646151526414,0.0454353706796828,0.0400927153855806,501,"tags=25%, list=17%, signal=22%","YBX1/GIGYF2/TNKS1BP1/CAPRIN1/GAPDH/CHMP4B/CELF1/HMGB1/ROCK1/MAPT/CAPNS1/GPD1/MAPKAPK2/ATP6V1E1/PNPT1/EEF1A2/THRAP3/PAFAH1B2/SUPV3L1/SLIRP/CTTN/ATP6V1D/EEF1A1/DNM1L/PABPC4/SLC25A5/ENDOG/HNRNPA0/UCHL1/CASP3/YBX3/SQSTM1/UBQLN2/RRAGA/SYNCRIP/MTOR/PHAX/CDK5/HNRNPR","mhc2","male"
"66","GO:0010466","GO:0010466","negative regulation of peptidase activity",40,-0.489009181216158,-1.73536247392015,0.00323418403156114,0.0462877623157121,0.0408448759765286,405,"tags=35%, list=14%, signal=30%","SERPING1/TRIAP1/AHSG/HRG/SERPINA3/VTN/KNG1/SNCA/SERPINA1/SERPIND1/SERPINA7/CSTA/SERPINB3/LTF","mhc2","female"
